id,date,channel,user_type,content,category,sentiment,severity_hint,auto_priority,priority_mismatch
F001,2026-05-04,슬랙,유료,로그인 시 2단계 인증을 강제로 적용하려면 어디서 설정하나요?,사용문의,중립,낮음,낮음,N
F002,2026-05-05,슬랙,유료,처음엔 반신반의했는데 한 달 써보고 팀 전원 유료로 전환했습니다. 만족해요.,칭찬,긍정,낮음,낮음,N
F003,2026-05-06,CS티켓,유료,간트차트에서 작업 기간을 늘리면 다른 작업 날짜까지 같이 밀립니다.,버그신고,부정,보통,보통,N
F004,2026-05-07,앱스토어,유료,엑셀로 내보낼 때 필터 적용된 상태 그대로 내보내는 옵션을 추가해주세요.,기능요청,중립,낮음,낮음,N
F005,2026-05-08,인앱설문,무료,API 문서를 더 자세히 제공해주세요. 연동 개발할 때 예제가 부족합니다.,기능요청,중립,보통,보통,N
F006,2026-05-09,인앱설문,유료,결제했는데 유료 플랜이 적용 안 되고 돈만 두 번 빠져나갔습니다. 사흘째 연락도 안 되네요. 당장 환불 안 되면 카드사에 분쟁 접수하겠습니다.,결제/과금 오류,부정,높음,높음,N
F007,2026-05-10,인앱설문,무료,기업 고객용 대시보드에 팀별 사용량 통계를 제공해주세요. 라이선스 관리에 필요합니다.,기능요청,중립,보통,보통,N
F008,2026-05-11,슬랙,유료,문서 글꼴과 글자 크기를 사용자가 조절할 수 있게 해주세요.,기능요청,중립,낮음,낮음,N
F009,2026-05-12,앱스토어,무료,결제 갱신일이 잘못 계산돼서 한 달 일찍 청구됐습니다.,결제/과금 오류,부정,보통,보통,N
F010,2026-05-13,CS티켓,유료,팀 멤버를 초대하려면 어떻게 하나요? 초대 절차를 알려주세요.,기능요청,중립,낮음,낮음,N
F011,2026-05-14,인앱설문,유료,기능이 많은데도 복잡하지 않게 정리돼 있어서 학습 곡선이 완만했어요.,칭찬,긍정,낮음,낮음,N
F012,2026-05-15,슬랙,유료,알림 배지 숫자가 0인데 안 사라집니다. 읽음 처리를 해도 빨간 점이 남아요.,버그신고,부정,낮음,낮음,N
F013,2026-05-16,인앱설문,무료,무료 체험 기간은 며칠인가요? 카드 등록 없이 써볼 수 있나요?,결제/과금,중립,낮음,낮음,N
F014,2026-05-17,인앱설문,기업고객,모바일 위젯으로 오늘 할 일을 바로 봐서 아침마다 정리가 편해요. 좋습니다.,칭찬,긍정,낮음,낮음,N
F015,2026-05-18,슬랙,기업고객,타사 대비 가격이 합리적인데 기능은 더 풍부해서 가성비가 훌륭합니다.,칭찬,긍정,낮음,낮음,N
F016,2026-05-19,슬랙,무료,다크모드를 지원해주시면 좋겠습니다. 밤에 작업할 때 눈이 너무 부셔요.,기능요청,중립,낮음,낮음,N
F017,2026-05-20,앱스토어,무료,간트차트 기능 정말 잘 쓰고 있습니다. 프로젝트 일정 관리가 한결 편해졌어요.,칭찬,긍정,낮음,낮음,N
F018,2026-05-21,CS티켓,유료,캘린더를 구글 캘린더로 내보내려면 어떻게 하나요?,사용문의,중립,낮음,낮음,N
F019,2026-05-22,앱스토어,기업고객,작업 알림 시간을 한국 시간 기준으로 맞추려면 어디서 설정하나요?,사용문의,중립,낮음,낮음,N
F020,2026-05-23,슬랙,무료,계정 보안을 위해 로그인 기록을 확인할 수 있는 곳이 있나요?,사용문의,중립,낮음,낮음,N
F021,2026-05-24,슬랙,유료,작업 보드를 즐겨찾기로 등록해서 빠르게 접근하는 기능을 원합니다.,기능요청,중립,낮음,낮음,N
F022,2026-05-25,슬랙,기업고객,결제 대시보드에서 다음 갱신일과 예상 청구액을 미리 보여주세요.,결제/과금,중립,낮음,낮음,N
F023,2026-05-26,앱스토어,유료,문서 권한을 '댓글만 가능'으로 세분화해주세요. 보기/편집 두 가지뿐이라 아쉬워요.,기능요청,중립,낮음,낮음,N
F024,2026-05-27,인앱설문,유료,같은 알림이 5번씩 중복으로 옵니다. 슬랙 연동 후부터 그래요.,버그신고,부정,보통,보통,N
F025,2026-05-28,슬랙,무료,앱 알림이 오는데 어떤 활동에서 온 건지 한눈에 보려면 어디를 봐야 하나요?,사용문의,중립,낮음,낮음,N
F026,2026-05-29,앱스토어,기업고객,어제 업데이트 후 저장한 문서 수십 개가 전부 사라졌습니다. 복구도 안 된다니 말이 됩니까? 중요 계약서가 날아가서 회사에 큰 피해입니다. 즉시 조치하세요.,버그신고,부정,높음,높음,N
F027,2026-05-30,슬랙,유료,알림 다이제스트 기능이 생긴 뒤로 집중 시간이 늘었어요. 정말 고맙습니다.,기타,중립,낮음,낮음,N
F028,2026-05-31,앱스토어,기업고객,회의록 작성 시 참석자를 멘션하면 자동으로 작업이 배정되는 기능을 원합니다.,기능요청,중립,보통,보통,N
F029,2026-06-01,앱스토어,기업고객,결제 과정이 깔끔하고 영수증 처리도 자동이라 회계 업무가 편해졌습니다.,결제/과금,긍정,낮음,낮음,N
F030,2026-06-02,인앱설문,유료,일정 반복 설정에서 '매월 마지막 날'을 고르면 날짜가 1일로 저장됩니다.,버그신고,부정,낮음,낮음,N
F031,2026-06-03,슬랙,유료,댓글을 달면 두 번씩 등록됩니다. 중복 댓글이 계속 생겨요.,버그신고,부정,보통,보통,N
F032,2026-06-04,CS티켓,무료,간트차트에서 작업을 그룹(섹션)으로 접고 펼 수 있게 해주세요.,기능요청,중립,낮음,낮음,N
F033,2026-06-05,앱스토어,기업고객,엑셀 내보내기를 하면 한글이 전부 깨져서 다운로드됩니다.,버그신고,부정,보통,보통,N
F034,2026-06-06,인앱설문,무료,모바일에서 첨부파일 다운로드가 안 됩니다. 버튼을 눌러도 반응이 없어요.,버그신고,부정,보통,보통,N
F035,2026-06-07,슬랙,유료,"기업 관리자가 멤버 비밀번호 정책(복잡도, 변경주기)을 설정하게 해주세요.",기능요청,중립,보통,보통,N
F036,2026-06-08,인앱설문,무료,문서에서 멘션한 사람에게만 알림이 가도록 세밀하게 조정하고 싶어요.,기능요청,중립,낮음,낮음,N
F037,2026-06-09,CS티켓,유료,팀 통계 대시보드 숫자가 실제 데이터랑 안 맞습니다. 완료한 작업이 미완료로 집계돼요.,버그신고,부정,보통,보통,N
F038,2026-06-10,슬랙,무료,검색 기능이 먹통입니다. 키워드를 넣어도 결과가 0건으로만 나옵니다.,버그신고,부정,보통,보통,N
F039,2026-06-11,앱스토어,유료,대시보드를 팀별로 커스터마이징할 수 있게 해주세요. 위젯을 직접 배치하고 싶어요.,기능요청,중립,보통,보통,N
F040,2026-06-12,CS티켓,기업고객,작업 알림 메일에 바로 '완료 처리' 버튼을 넣어주세요. 앱을 안 열고 처리하고 싶어요.,기능요청,중립,낮음,낮음,N
F041,2026-06-13,앱스토어,기업고객,공유 링크로 접속하면 '권한 없음'이 뜹니다. 분명 전체 공개로 설정했는데요.,버그신고,부정,보통,보통,N
F042,2026-06-14,인앱설문,무료,템플릿을 불러오면 한글 제목이 물음표로 깨져서 들어옵니다.,버그신고,부정,보통,보통,N
F043,2026-06-15,CS티켓,유료,댓글에 파일을 첨부할 수 있게 해주세요. 지금은 텍스트만 됩니다.,기능요청,중립,낮음,낮음,N
F044,2026-06-16,CS티켓,유료,회원 탈퇴를 했는데도 결제가 또 청구됐습니다. 구독이 해지가 안 됐어요. 급합니다.,결제/과금 오류,부정,높음,높음,N
F045,2026-06-17,인앱설문,기업고객,기업 고객으로 전환하면 멤버 수 제한이 어떻게 되나요? 50명 정도 쓸 예정입니다.,사용문의,중립,보통,보통,N
F046,2026-06-18,CS티켓,기업고객,로그인 자체가 막혀서 팀 전체가 사흘째 업무를 못 하고 있습니다. 기업 요금제까지 결제했는데 이 정도면 서비스 자격이 없는 거 아닙니까. 해지하겠습니다.,결제/과금,부정,높음,높음,N
F047,2026-06-19,슬랙,무료,자동 저장이 작동을 안 해서 새로고침할 때마다 작업이 사라집니다.,버그신고,부정,높음,높음,N
F048,2026-06-20,CS티켓,유료,작업에 반복 알림(스누즈) 기능을 넣어주세요. 한 번 알림으로는 자꾸 잊어버려요.,기능요청,중립,낮음,낮음,N
F049,2026-06-21,인앱설문,무료,무료에서 유료로 올리면 기존 데이터가 그대로 유지되나요?,사용문의,중립,낮음,낮음,N
F050,2026-06-22,슬랙,유료,게스트(외부) 계정도 비용에 포함되나요? 협력사 인원 과금이 궁금합니다.,사용문의,중립,보통,보통,N
F051,2026-06-23,인앱설문,기업고객,캘린더에서 드래그로 일정 길이를 조절할 수 있게 해주세요.,기능요청,중립,낮음,낮음,N
F052,2026-06-24,슬랙,유료,파일 업로드가 50%에서 계속 멈춥니다. 10MB짜리 PDF인데 한 시간째 안 올라가요.,버그신고,부정,높음,높음,N
F053,2026-06-25,인앱설문,유료,문서 공유 링크를 비밀번호로 보호할 수 있나요?,사용문의,중립,낮음,낮음,N
F054,2026-06-26,CS티켓,기업고객,알림을 '나에게만 보이는 개인 메모' 형태로도 남길 수 있게 해주세요.,기능요청,중립,낮음,낮음,N
F055,2026-06-27,CS티켓,기업고객,고객센터 챗봇이 의외로 똑똑해서 웬만한 건 바로 해결됩니다. 편리해요.,칭찬,긍정,낮음,낮음,N
F056,2026-06-28,미확인,무료,문서 저장 버튼을 눌렀는데 작성하던 내용이 통째로 날아갔습니다. 2시간 작업분이 사라졌어요.,버그신고,부정,높음,높음,N
F057,2026-06-29,앱스토어,유료,파일 버전 관리 기능을 추가해주세요. 수정 전 파일로 되돌리고 싶을 때가 많아요.,기능요청,중립,보통,보통,N
F058,2026-06-30,슬랙,기업고객,작업 카드에서 바로 화상통화를 시작하는 버튼을 원합니다.,결제/과금,중립,낮음,낮음,N
F059,2026-05-04,CS티켓,유료,작업을 다른 팀원에게 일괄로 재배정하는 방법이 있나요?,사용문의,중립,낮음,낮음,N
F060,2026-05-05,인앱설문,유료,팀 워크스페이스 통계를 외부 BI 도구(태블로)로 연동하고 싶습니다.,기능요청,중립,보통,보통,N
F061,2026-05-06,인앱설문,유료,협업 기능 덕분에 이메일 주고받는 시간이 절반으로 줄었어요. 정말 만족합니다.,칭찬,긍정,낮음,낮음,N
F062,2026-05-07,CS티켓,무료,팀원 모두가 만족하는 툴 찾기 어려운데 이건 불만이 거의 없네요. 추천합니다.,칭찬,긍정,낮음,낮음,N
F063,2026-05-08,앱스토어,무료,작업에 하위 태스크(체크리스트)를 달 수 있게 해주세요. 큰 작업을 쪼개서 관리하고 싶어요.,기능요청,중립,보통,보통,N
F064,2026-05-09,앱스토어,유료,여러 워크스페이스 알림을 하나로 모아 볼 수 있나요?,사용문의,중립,낮음,낮음,N
F065,2026-05-10,앱스토어,기업고객,간트차트는 모든 플랜에서 쓸 수 있나요? 무료에서도 되는지 확인하고 싶어요.,결제/과금,중립,낮음,낮음,N
F066,2026-05-11,슬랙,유료,외부에서 접속 IP를 제한하는 보안 설정이 가능한가요? 기업 정책상 필요합니다.,기능요청,중립,보통,보통,N
F067,2026-05-12,앱스토어,유료,간트차트 인쇄 시 A4 여러 장으로 깔끔하게 나뉘게 해주세요.,기능요청,중립,낮음,낮음,N
F068,2026-05-13,슬랙,무료,업데이트 노트를 꼼꼼히 적어주셔서 새 기능 익히기 좋습니다. 세심함이 좋아요.,칭찬,긍정,낮음,낮음,N
F069,2026-05-14,인앱설문,유료,다크모드를 지원해주시면 좋겠습니다. 밤에 작업할 때 눈이 너무 부셔요.,기능요청,중립,낮음,낮음,N
F070,2026-05-15,슬랙,유료,멘션을 해도 상대방에게 알림이 안 갑니다. @태그가 작동을 안 해요.,버그신고,부정,보통,보통,N
F071,2026-05-16,인앱설문,기업고객,검색이 너무 느려서 답답합니다. 검색 결과를 관련도순으로 정렬하는 기능도 같이 추가해주세요.,기능요청,중립,보통,보통,N
F072,2026-05-17,CS티켓,기업고객,결제 금액이 부가세 포함인지 별도인지 표시가 잘못돼서 청구액이 다르게 나옵니다.,결제/과금,중립,보통,보통,N
F073,2026-05-18,슬랙,유료,결제 내역을 기간별로 조회하고 다운로드할 수 있나요?,결제/과금,중립,낮음,낮음,N
F074,2026-05-19,CS티켓,유료,앱 업데이트 후 화면이 새하얗게만 뜨고 아무것도 안 보입니다. 재설치해도 똑같아요.,버그신고,부정,높음,높음,N
F075,2026-05-20,CS티켓,유료,캘린더 일정에 화상회의 링크(줌/구글밋)를 자동 생성해서 붙여주세요.,기능요청,중립,보통,보통,N
F076,2026-05-21,앱스토어,무료,앱 첫 실행 시 온보딩 화면에서 다음 버튼이 안 눌려서 진행이 안 됩니다.,버그신고,부정,높음,높음,N
F077,2026-05-22,슬랙,유료,결제 실패 시 며칠 안에 재결제하면 서비스가 유지되나요?,결제/과금 오류,부정,낮음,낮음,N
F078,2026-05-23,슬랙,무료,무료 플랜에서 저장 가능한 작업 개수에 제한이 있나요?,결제/과금,중립,낮음,낮음,N
F079,2026-05-24,인앱설문,무료,새로 나온 다크모드 너무 좋아요. 야근할 때 눈이 편합니다. 감사합니다.,칭찬,긍정,낮음,낮음,N
F080,2026-05-25,인앱설문,유료,멤버별 작업량 통계를 볼 수 있는 리포트 기능이 필요합니다.,기능요청,중립,보통,보통,N
F081,2026-05-26,CS티켓,기업고객,작업을 다른 워크스페이스로 이동/복사하는 기능을 원합니다.,기능요청,중립,낮음,낮음,N
F082,2026-05-27,슬랙,기업고객,기업 플랜에서 사용량 리포트를 받을 수 있나요? 라이선스 관리용으로요.,결제/과금,중립,보통,보통,N
F083,2026-05-28,슬랙,유료,모바일 앱에 지문/페이스ID 로그인을 지원해주세요.,기능요청,중립,낮음,낮음,N
F084,2026-05-29,슬랙,기업고객,문서 버전 관리 덕분에 실수로 지운 내용도 쉽게 복구했어요. 살았습니다.,칭찬,긍정,낮음,낮음,N
F085,2026-05-30,앱스토어,유료,문서에 코드 블록 문법 강조(하이라이트)를 지원해주세요. 개발팀이 자주 씁니다.,기능요청,중립,낮음,낮음,N
F086,2026-05-31,슬랙,유료,문서 공동편집 중 상대 커서가 안 보이고 변경사항이 충돌나서 덮어써집니다.,버그신고,부정,높음,높음,N
F087,2026-06-01,CS티켓,무료,데이터는 어디 서버에 저장되나요? 국내 리전 보관 여부를 확인하고 싶습니다.,기능요청,중립,보통,보통,N
F088,2026-06-02,슬랙,유료,멘션 자동완성 목록에 탈퇴한 멤버가 계속 뜹니다.,버그신고,부정,낮음,낮음,N
F089,2026-06-03,앱스토어,미확인,알림을 요약해서 하루 한 번 다이제스트로 받는 옵션을 추가해주세요.,기능요청,중립,낮음,낮음,N
F090,2026-06-04,인앱설문,유료,긴급 문의에도 주말에 답변 주셔서 놀랐습니다. 이런 회사 흔치 않아요.,칭찬,긍정,낮음,낮음,N
F091,2026-06-05,CS티켓,기업고객,모바일 앱에서 다크모드를 시스템 설정과 자동 연동되게 해주세요.,기능요청,중립,낮음,낮음,N
F092,2026-06-06,슬랙,무료,캘린더 동기화가 완벽해서 일정 누락이 사라졌습니다. 정말 유용해요.,버그신고,부정,낮음,낮음,N
F093,2026-06-07,CS티켓,유료,대용량 보드를 열면 브라우저가 멈추고 '응답 없음'이 뜹니다.,버그신고,부정,보통,보통,N
F094,2026-06-08,CS티켓,유료,작업 마감 임박 시 미리 알림을 며칠 전부터 받을 수 있게 설정하고 싶어요.,기능요청,중립,낮음,낮음,N
F095,2026-06-09,앱스토어,기업고객,크롬에서는 되는데 사파리에서는 버튼 클릭이 전혀 안 먹힙니다.,버그신고,부정,보통,보통,N
F096,2026-06-10,인앱설문,기업고객,모바일과 PC를 동시에 로그인해서 쓸 수 있나요?,사용문의,중립,낮음,낮음,N
F097,2026-06-11,슬랙,무료,기업 계약 시 최소 계약 기간이나 인원 조건이 있나요?,사용문의,중립,보통,보통,N
F098,2026-06-12,CS티켓,유료,웹훅 연동이 어제부터 전부 실패합니다. 외부 시스템으로 데이터가 안 넘어가요. 급합니다.,버그신고,부정,높음,높음,N
F099,2026-06-13,CS티켓,유료,기업 보안 요건을 다 충족해서 보안팀 심사를 한 번에 통과했어요. 든든합니다.,칭찬,긍정,낮음,낮음,N
F100,2026-06-14,슬랙,기업고객,업무 시간 외 알림 차단 기능 덕에 워라밸이 좋아졌어요. 세심한 배려 감사합니다.,칭찬,긍정,낮음,낮음,N
F101,2026-06-15,인앱설문,무료,문서에 표를 더 자유롭게 편집할 수 있게 해주세요. 셀 병합이 안 됩니다.,버그신고,부정,낮음,낮음,N
F102,2026-06-16,앱스토어,무료,타임존이 자꾸 UTC로 바뀝니다. 한국 시간으로 설정해도 일정이 9시간씩 밀려요.,버그신고,부정,보통,보통,N
F103,2026-06-17,인앱설문,무료,동시에 몇 명까지 한 문서를 편집할 수 있나요? 인원 제한이 있는지 궁금합니다.,사용문의,중립,낮음,낮음,N
F104,2026-06-18,인앱설문,유료,간트차트에서 기준선(baseline) 대비 실제 진행을 비교하는 기능을 원합니다.,기능요청,중립,보통,보통,N
F105,2026-06-19,슬랙,유료,결제 내역 화면이 빈 페이지로 뜹니다. 영수증 확인을 할 수가 없습니다.,결제/과금 오류,부정,보통,보통,N
F106,2026-06-20,슬랙,기업고객,모바일에서도 간트차트를 편하게 볼 수 있게 최적화해주세요.,기능요청,중립,보통,보통,N
F107,2026-06-21,앱스토어,기업고객,CS 담당자분이 제 상황을 정확히 이해하고 맞춤 해결책을 주셔서 감동했어요.,칭찬,긍정,낮음,낮음,N
F108,2026-06-22,슬랙,무료,작업 알림을 받을 시간대(업무시간 9-18시)를 지정하고 싶어요.,기능요청,중립,낮음,낮음,N
F109,2026-06-23,슬랙,유료,태그 색상을 바꿔도 저장이 안 되고 새로고침하면 원래대로 돌아옵니다.,버그신고,부정,낮음,낮음,N
F110,2026-06-24,앱스토어,무료,작업 필터 조건을 저장해두고 클릭 한 번으로 적용하는 '저장된 뷰'를 원합니다.,기능요청,중립,보통,보통,N
F111,2026-06-25,앱스토어,기업고객,캘린더를 구글 캘린더와 양방향 동기화되게 해주세요. 지금은 한쪽만 됩니다.,기능요청,중립,보통,보통,N
F112,2026-06-26,슬랙,유료,CSV 가져오기를 하면 첫 줄이 헤더로 안 잡히고 데이터로 들어갑니다.,버그신고,부정,보통,보통,N
F113,2026-06-27,CS티켓,무료,API 토큰을 새로 발급받았는데 인증이 계속 401로 거부됩니다.,버그신고,부정,보통,보통,N
F114,2026-06-28,인앱설문,유료,기업 고객용 데이터 백업/내보내기를 정기적으로 자동화해주세요.,기능요청,중립,보통,보통,N
F115,2026-06-29,인앱설문,유료,작업 상태가 바뀔 때마다 변경 이력을 타임라인으로 보여주세요.,기능요청,중립,낮음,낮음,N
F116,2026-06-30,CS티켓,기업고객,알림 소리를 작업 유형별로 다르게 설정할 수 있게 해주세요.,기능요청,중립,낮음,낮음,N
F117,2026-05-04,앱스토어,무료,필터를 걸면 데이터가 전부 사라졌다가 한참 뒤에 나타납니다. 너무 느려요.,버그신고,부정,보통,보통,N
F118,2026-05-05,인앱설문,유료,간트차트 화면에서 스크롤하면 날짜 헤더가 본문이랑 어긋납니다.,버그신고,부정,낮음,낮음,N
F119,2026-05-06,슬랙,기업고객,작업에 '대기/차단(blocked)' 상태를 추가해주세요. 진행/완료만으로는 부족해요.,기능요청,중립,낮음,낮음,N
F120,2026-05-07,앱스토어,무료,팀 공지사항을 상단 고정하는 기능이 있으면 좋겠어요.,기능요청,중립,낮음,낮음,N
F121,2026-05-08,슬랙,무료,유료 플랜과 무료 플랜의 차이가 정확히 뭔가요? 어떤 기능이 유료 전용인지 궁금합니다.,결제/과금,중립,보통,보통,N
F122,2026-05-09,앱스토어,유료,파일 공유가 빠르고 안정적이라 대용량 자료도 걱정 없이 주고받습니다.,칭찬,긍정,낮음,낮음,N
F123,2026-05-10,슬랙,무료,알림 센터를 열면 앱이 바로 꺼집니다. 알림함 진입 자체가 안 돼요.,버그신고,부정,높음,높음,N
F124,2026-05-11,CS티켓,기업고객,도입 상담 때 무리하게 비싼 플랜 권하지 않고 딱 맞는 걸 추천해주셔서 신뢰가 갔어요.,결제/과금,긍정,낮음,낮음,N
F125,2026-05-12,인앱설문,유료,결제 완료 화면이 안 뜨고 무한 로딩만 돕니다. 결제가 됐는지 안 됐는지 모르겠어요.,결제/과금 오류,부정,높음,높음,N
F126,2026-05-13,슬랙,무료,결제 후 인보이스 발행 회사명이 예전 정보로 나옵니다. 수정해도 반영이 안 돼요.,결제/과금 오류,부정,보통,보통,N
F127,2026-05-14,CS티켓,유료,팀원이 퇴사하면 그 사람 작업은 어떻게 인수인계되나요?,사용문의,중립,낮음,낮음,N
F128,2026-05-15,앱스토어,무료,작업 자동화 기능으로 단순 반복 업무가 사라졌어요. 시간을 많이 아꼈습니다.,버그신고,부정,낮음,낮음,N
F129,2026-05-16,인앱설문,유료,작업 완료율을 팀 단위로 주간 리포트로 자동 전송해주세요.,기능요청,중립,보통,보통,N
F130,2026-05-17,CS티켓,무료,대시보드 위젯을 추가하면 페이지 전체가 하얗게 변하고 멈춥니다.,버그신고,부정,보통,보통,N
F131,2026-05-18,미확인,유료,드래그앤드롭이 부드러워서 작업 정리하는 게 재밌을 정도예요.,칭찬,긍정,낮음,낮음,N
F132,2026-05-19,CS티켓,유료,API를 쓰려면 어떤 플랜 이상이어야 하나요? 연동 개발을 검토 중입니다.,결제/과금,중립,보통,보통,N
F133,2026-05-20,인앱설문,유료,앱에서 오프라인 모드를 지원해주세요. 비행기나 지하철에서도 작업하고 싶어요.,기능요청,중립,보통,보통,N
F134,2026-05-21,슬랙,유료,푸시 알림을 누르면 항상 홈으로만 가고 해당 알림 화면으로 안 갑니다.,버그신고,부정,낮음,낮음,N
F135,2026-05-22,CS티켓,유료,외부 캘린더 연동 후 일정이 두 배로 복제됩니다.,버그신고,부정,보통,보통,N
F136,2026-05-23,인앱설문,무료,푸시 알림 권한을 허용했는데도 설정에서 계속 '꺼짐'으로 표시됩니다.,기타,중립,낮음,낮음,N
F137,2026-05-24,슬랙,기업고객,팀 내 멘션 시 역할(@개발팀)로 한 번에 멘션하는 그룹 멘션을 원합니다.,기능요청,중립,보통,보통,N
F138,2026-05-25,CS티켓,유료,결제 시 프로모션 코드/쿠폰을 입력하는 칸을 추가해주세요.,결제/과금,중립,낮음,낮음,N
F139,2026-05-26,인앱설문,무료,작업 데이터를 백업해두려면 어떤 형식으로 내보낼 수 있나요?,사용문의,중립,낮음,낮음,N
F140,2026-05-27,앱스토어,유료,모바일에서 글자가 화면 밖으로 잘려서 안 보입니다. 갤럭시 폴드에서 레이아웃이 깨져요.,버그신고,부정,보통,보통,N
F141,2026-05-28,앱스토어,무료,결제 수단을 카드 외에 계좌이체나 가상계좌로도 할 수 있나요?,결제/과금,중립,낮음,낮음,N
F142,2026-05-29,CS티켓,유료,캘린더 일정을 색맹 사용자도 구분하기 쉬운 팔레트로 제공해주세요.,기능요청,중립,낮음,낮음,N
F143,2026-05-30,슬랙,유료,문서 버전 기록에서 이전 버전 복원을 누르면 현재 내용까지 지워집니다.,버그신고,부정,높음,높음,N
F144,2026-05-31,앱스토어,무료,간트 뷰에서 휴일 표시가 주말이 아니라 평일에 찍힙니다.,기타,중립,낮음,낮음,N
F145,2026-06-01,CS티켓,무료,간헐적으로 알림이 30분씩 늦게 옵니다. 실시간이라더니 지연이 심해요.,버그신고,부정,보통,보통,N
F146,2026-06-02,슬랙,무료,고객 피드백을 실제로 반영해주셔서 신뢰가 갑니다. 계속 쓸게요.,칭찬,긍정,낮음,낮음,N
F147,2026-06-03,슬랙,무료,"앱 업데이트는 자동인가요, 아니면 수동으로 받아야 하나요?",사용문의,중립,낮음,낮음,N
F148,2026-06-04,슬랙,유료,고객지원팀 응대가 정말 빠르고 친절했습니다. 문제를 30분 만에 해결해주셨어요.,칭찬,긍정,낮음,낮음,N
F149,2026-06-05,CS티켓,무료,캘린더 색상 라벨로 일정 구분이 명확해져서 일정 관리가 즐거워졌어요.,칭찬,긍정,낮음,낮음,N
F150,2026-06-06,앱스토어,기업고객,계정을 개인용에서 기업용으로 전환하면 기존 데이터가 그대로 옮겨지나요?,사용문의,중립,보통,보통,N
F151,2026-06-07,인앱설문,무료,간헐적으로 세션이 풀려서 작업 중에 갑자기 로그아웃됩니다.,기타,중립,보통,보통,N
F152,2026-06-08,인앱설문,유료,기업 계약 시 별도 보안 점검 자료(ISMS 등)를 받을 수 있나요?,사용문의,중립,보통,보통,N
F153,2026-06-09,슬랙,유료,기존에 쓰던 다른 툴에서 데이터를 가져올 수 있나요? 이전 방법이 궁금합니다.,사용문의,중립,보통,보통,N
F154,2026-06-10,인앱설문,기업고객,보드 배경이나 테마를 팀 색상에 맞게 바꿀 수 있으면 좋겠습니다.,기능요청,중립,낮음,낮음,N
F155,2026-06-11,슬랙,유료,템플릿 기능 덕분에 매주 반복하던 보고서 작성 시간이 확 줄었어요. 감사합니다.,칭찬,긍정,낮음,낮음,N
F156,2026-06-12,앱스토어,유료,팀 캘린더에서 멤버별 휴가/부재 일정을 표시하는 기능이 필요합니다.,기능요청,중립,보통,보통,N
F157,2026-06-13,앱스토어,유료,결제 정보를 변경하려면 어느 메뉴에서 하나요?,결제/과금,중립,낮음,낮음,N
F158,2026-06-14,슬랙,유료,온보딩 가이드가 친절해서 도입이 순조로웠어요. 담당 매니저님 감사합니다.,칭찬,긍정,낮음,낮음,N
F159,2026-06-15,슬랙,기업고객,결제일을 매월 특정 날짜로 지정할 수 있나요?,결제/과금,중립,낮음,낮음,N
F160,2026-06-16,앱스토어,유료,UI가 직관적이라 신입 팀원도 별도 교육 없이 바로 적응했습니다. 최고예요.,칭찬,긍정,낮음,낮음,N
F161,2026-06-17,앱스토어,유료,잘 쓰고 있는데 알림이 가끔 늦게 와서 아쉬워요. 알림 우선순위 설정 기능이 있으면 완벽할 것 같아요.,기타,중립,높음,높음,N
F162,2026-06-18,슬랙,기업고객,첨부파일 미리보기가 안 열리고 빈 팝업만 뜹니다.,기타,중립,낮음,낮음,N
F163,2026-06-19,CS티켓,기업고객,작업 카드에 예상 소요시간을 입력하고 실제 시간과 비교하는 기능을 원해요.,결제/과금,중립,낮음,낮음,N
F164,2026-06-20,앱스토어,기업고객,작업 검색 기록을 저장해서 최근 검색어를 다시 쓸 수 있게 해주세요.,기능요청,중립,낮음,낮음,N
F165,2026-06-21,인앱설문,유료,드래그로 파일을 옮기면 가끔 삭제됩니다. 옮긴 파일이 사라졌어요.,버그신고,부정,높음,높음,N
F166,2026-06-22,인앱설문,유료,이미지 첨부 시 세로 사진이 가로로 회전돼서 올라갑니다.,버그신고,부정,낮음,낮음,N
F167,2026-06-23,CS티켓,유료,대시보드 한 화면에서 모든 진행상황이 보여서 관리가 정말 편합니다.,칭찬,긍정,낮음,낮음,N
F168,2026-06-24,슬랙,무료,앱 권한 요청 팝업이 무한 반복돼서 아무 화면도 못 넘어갑니다.,기타,중립,높음,높음,N
F169,2026-06-25,앱스토어,무료,간헐적으로 저장 중 '네트워크 오류'가 뜨면서 변경사항이 유실됩니다.,버그신고,부정,높음,높음,N
F170,2026-06-26,슬랙,유료,2단계 인증 코드가 안 옵니다. SMS가 도착을 안 해서 로그인 자체가 막혔어요.,버그신고,부정,높음,높음,N
F171,2026-06-27,CS티켓,유료,기업 도입 후 팀 전체 생산성이 올라간 게 데이터로 보입니다. 잘 선택했어요.,칭찬,긍정,낮음,낮음,N
F172,2026-06-28,인앱설문,기업고객,앱이 백그라운드에 있다가 돌아오면 처음 화면으로 리셋됩니다. 작업 위치를 잃어요.,버그신고,부정,보통,보통,N
F173,2026-06-29,앱스토어,유료,팀 협업 통계를 보면서 회고하는 게 습관이 됐어요. 데이터가 정확해서 좋습니다.,칭찬,긍정,낮음,낮음,N
F174,2026-06-30,인앱설문,유료,UI 업데이트 이후 훨씬 직관적이라 헤맬 일이 없어졌어요. 잘 만드셨네요.,칭찬,긍정,낮음,낮음,N
F175,2026-05-04,인앱설문,유료,결제 플랜별 동시 접속 기기 수 제한이 있나요?,결제/과금,중립,낮음,낮음,N
F176,2026-05-05,슬랙,기업고객,캘린더 알림을 일정 시작 시점 외에 종료 시점에도 받고 싶어요.,기능요청,중립,낮음,낮음,N
F177,2026-05-06,슬랙,무료,데이터 처리 위탁 계약서(DPA)를 받을 수 있나요? 컴플라이언스용입니다.,사용문의,중립,보통,보통,N
F178,2026-05-07,CS티켓,유료,작업 생성 시 자주 쓰는 담당자 조합을 프리셋으로 저장하고 싶어요.,기능요청,중립,낮음,낮음,N
F179,2026-05-08,슬랙,유료,다크모드에서 글씨가 검은 배경에 검은색으로 나와 안 읽힙니다.,버그신고,부정,보통,보통,N
F180,2026-05-09,인앱설문,유료,모바일에서 여러 워크스페이스를 빠르게 전환하는 버튼을 만들어주세요.,기능요청,중립,낮음,낮음,N
F181,2026-05-10,앱스토어,유료,앱 언어를 영어로 바꾸려면 어디서 설정하나요? 외국인 팀원이 있어요.,사용문의,중립,낮음,낮음,N
F182,2026-05-11,인앱설문,무료,외부 협력사에게 보드 하나만 공유하려면 어떻게 설정해야 하나요?,사용문의,중립,낮음,낮음,N
F183,2026-05-12,슬랙,유료,주간 리포트 자동 발송 덕분에 일일이 정리할 필요가 없어졌어요. 감사합니다.,칭찬,긍정,낮음,낮음,N
F184,2026-05-13,CS티켓,무료,이번 업데이트로 앱이 훨씬 빨라졌어요. 로딩이 거의 없어서 쾌적합니다. 감사합니다.,칭찬,긍정,낮음,낮음,N
F185,2026-05-14,CS티켓,무료,간트차트 데이터를 다른 프로젝트로 복사할 수 있나요?,사용문의,중립,낮음,낮음,N
F186,2026-05-15,앱스토어,기업고객,간트차트에 마일스톤 표시 기능을 추가해주세요. 큰 일정 흐름을 한눈에 보고 싶어요.,기능요청,중립,보통,보통,N
F187,2026-05-16,슬랙,유료,음성 메모로 작업을 빠르게 등록하는 기능이 있으면 좋겠어요.,기능요청,중립,낮음,낮음,N
F188,2026-05-17,앱스토어,무료,작업 알림을 카카오톡으로도 받을 수 있게 해주세요.,기능요청,중립,낮음,낮음,N
F189,2026-05-18,앱스토어,기업고객,팀 워크스페이스에 초대된 멤버가 들어오질 못합니다. 초대 링크가 만료됐다고만 떠요.,버그신고,부정,높음,높음,N
F190,2026-05-19,슬랙,기업고객,무료 플랜만으로도 충분히 쓸 만해서 부담 없이 시작했어요. 배려가 느껴집니다.,결제/과금,중립,낮음,낮음,N
F191,2026-05-20,앱스토어,유료,대시보드 위젯에 목표 대비 달성률 게이지를 추가해주세요.,기능요청,중립,낮음,낮음,N
F192,2026-05-21,슬랙,무료,작업에 위치(장소) 정보를 붙여서 지도에서 보는 기능을 원합니다.,기능요청,중립,낮음,낮음,N
F193,2026-05-22,인앱설문,무료,모바일 앱에 위젯을 만들어주세요. 홈 화면에서 오늘 할 일을 바로 보고 싶어요.,기능요청,중립,낮음,낮음,N
F194,2026-05-23,CS티켓,유료,탈퇴하면 작성한 데이터는 얼마 동안 보관되나요? 복구 가능 기간이 궁금합니다.,사용문의,중립,낮음,낮음,N
F195,2026-05-24,슬랙,유료,작업 자동 알림 덕에 마감을 놓치는 일이 사라졌습니다. 정말 큰 도움이 돼요.,버그신고,부정,낮음,낮음,N
F196,2026-05-25,CS티켓,유료,신규 기능을 무료 사용자에게도 빠르게 열어주셔서 감사합니다. 인심이 좋아요.,칭찬,긍정,낮음,낮음,N
F197,2026-05-26,인앱설문,유료,캘린더 일정이 갑자기 전부 사라졌습니다. 동기화 후 데이터가 날아간 것 같아요. 긴급합니다.,버그신고,부정,높음,높음,N
F198,2026-05-27,인앱설문,무료,멘션 알림이 정확해서 중요한 메시지를 놓치지 않게 됐어요. 정말 좋습니다.,칭찬,긍정,낮음,낮음,N
F199,2026-05-28,CS티켓,유료,결제 후 환불 정책이 어떻게 되나요? 며칠 안에 신청하면 되는지 궁금합니다.,결제/과금,중립,보통,보통,N
F200,2026-05-29,인앱설문,미확인,"앱 사용 중 데이터는 자동 저장되나요, 아니면 수동으로 저장해야 하나요?",사용문의,중립,낮음,낮음,N
F201,2026-05-30,인앱설문,기업고객,프로필 사진을 바꿨는데 예전 사진이 계속 보입니다. 캐시 문제 같아요.,기타,중립,낮음,낮음,N
F202,2026-05-31,CS티켓,유료,반복 일정을 만들면 종료일을 지정해도 무한히 생성됩니다.,버그신고,부정,보통,보통,N
F203,2026-06-01,인앱설문,유료,결제부터 정산까지 한 번에 처리돼서 관리 부서에서 특히 좋아합니다.,결제/과금,중립,낮음,낮음,N
F204,2026-06-02,인앱설문,무료,외부 게스트에게 특정 보드만 공개하는 권한 설정이 세밀했으면 합니다.,기타,중립,보통,보통,N
F205,2026-06-03,슬랙,유료,작업 완료 시 자동으로 다음 담당자에게 넘기는 워크플로 자동화를 원합니다.,기능요청,중립,보통,보통,N
F206,2026-06-04,인앱설문,기업고객,작업 마감 알림을 며칠 전부터 받을지 직접 정할 수 있나요?,사용문의,중립,낮음,낮음,N
F207,2026-06-05,슬랙,무료,지난번 버그 신고했던 거 다음 날 바로 고쳐주셨네요. 대응 속도에 감동했습니다.,칭찬,긍정,낮음,낮음,N
F208,2026-06-06,CS티켓,기업고객,멤버 검색에서 한글 이름이 검색이 안 됩니다. 영문만 검색돼요.,버그신고,부정,낮음,낮음,N
F209,2026-06-07,CS티켓,무료,알림이 안 와서 중요한 마감을 놓쳤습니다. 푸시 알림이 며칠째 작동을 안 합니다.,버그신고,부정,높음,높음,N
F210,2026-06-08,CS티켓,유료,탈퇴 후 같은 이메일로 재가입하면 예전 데이터가 살아나나요?,사용문의,중립,낮음,낮음,N
F211,2026-06-09,CS티켓,유료,검색이 정확하고 빨라서 예전 자료 찾기가 정말 쉬워졌습니다.,칭찬,긍정,낮음,낮음,N
F212,2026-06-10,앱스토어,무료,기업 고객 관리자가 멤버 활동 로그를 감사(audit)할 수 있는 기능이 필요합니다.,기능요청,긍정,보통,보통,N
F213,2026-06-11,인앱설문,기업고객,일정에 색상 라벨을 여러 개 달 수 있게 해주세요. 지금은 하나만 됩니다.,기능요청,중립,낮음,낮음,N
F214,2026-06-12,앱스토어,유료,회의 일정을 잡을 때 참석자 가능 시간을 자동으로 찾아주는 기능을 원합니다.,기능요청,중립,보통,보통,N
F215,2026-06-13,슬랙,기업고객,알림 설정을 꺼도 이메일 알림이 계속 옵니다. 설정이 저장이 안 되는 듯해요.,버그신고,부정,보통,보통,N
F216,2026-06-14,앱스토어,기업고객,결제 플랜을 팀 규모에 따라 더 세분화해주세요. 5인 이하 소규모 플랜이 없어요.,결제/과금,중립,보통,보통,N
F217,2026-06-15,CS티켓,유료,초대 메일이 스팸함으로 들어갑니다. 멤버들이 못 받았다고 합니다.,버그신고,부정,보통,보통,N
F218,2026-06-16,CS티켓,무료,간헐적으로 댓글 알림이 영어로만 옵니다. 언어 설정이 한국어인데도요.,기타,중립,낮음,낮음,N
F219,2026-06-17,앱스토어,유료,전에 쓰던 툴에서 데이터 이전이 매끄러워서 전환이 부담 없었습니다. 만족해요.,칭찬,긍정,낮음,낮음,N
F220,2026-06-18,앱스토어,무료,작업 진행률 표시가 추가돼서 팀원들 동기부여에 도움이 됩니다. 좋아요.,칭찬,긍정,낮음,낮음,N
F221,2026-06-19,슬랙,기업고객,간트차트에 마일스톤 표시 기능을 추가해주세요. 큰 일정 흐름을 한눈에 보고 싶어요.,기능요청,중립,보통,보통,N
F222,2026-06-20,CS티켓,유료,대시보드 데이터를 PDF 리포트로 한 번에 내보내는 기능을 원합니다.,기능요청,중립,낮음,낮음,N
F223,2026-06-21,CS티켓,유료,"작업 카드에 커스텀 필드(우선순위, 고객사 등)를 추가할 수 있게 해주세요.",결제/과금,중립,보통,보통,N
F224,2026-06-22,슬랙,유료,전반적으로 군더더기 없이 핵심만 잘 만든 제품이라 매일 잘 쓰고 있습니다.,기타,중립,낮음,낮음,N
F225,2026-06-23,앱스토어,무료,문서 안에서 다른 작업 카드를 임베드해서 보여주는 기능을 추가해주세요.,결제/과금,중립,낮음,낮음,N
F226,2026-06-24,인앱설문,기업고객,기업 고객 전용 상담 채널이 따로 있나요? 도입 문의를 하고 싶습니다.,기능요청,중립,보통,보통,N
F227,2026-06-25,CS티켓,유료,알림음이 무음 모드에서도 울립니다. 회의 중에 계속 울려서 곤란합니다.,버그신고,부정,낮음,낮음,N
F228,2026-06-26,앱스토어,유료,알림이 너무 많은데 중요한 것만 받도록 우선순위를 정할 수 있나요?,사용문의,중립,낮음,낮음,N
F229,2026-06-27,인앱설문,기업고객,팀 관리자 권한을 여러 명에게 줄 수 있나요? 권한 종류가 궁금합니다.,사용문의,중립,낮음,낮음,N
F230,2026-06-28,앱스토어,유료,문서 공동편집 시 누가 어디를 수정 중인지 실시간으로 보고 싶어요.,기능요청,중립,보통,보통,N
F231,2026-06-29,인앱설문,유료,작업에 진행률(%)을 표시할 수 있게 해주세요. 완료/미완료만으로는 부족합니다.,기능요청,중립,낮음,낮음,N
F232,2026-06-30,슬랙,유료,로그인 유지가 안 돼서 앱을 켤 때마다 다시 로그인해야 합니다.,버그신고,부정,보통,보통,N
F233,2026-05-04,CS티켓,유료,캘린더를 팀 외부 고객과 공유 가능한 읽기전용 링크로 내보내고 싶어요.,기능요청,중립,낮음,낮음,N
F234,2026-05-05,CS티켓,기업고객,문서 공동편집이 구글 문서보다 훨씬 매끄럽습니다. 충돌도 없고 좋아요.,칭찬,긍정,낮음,낮음,N
F235,2026-05-06,CS티켓,유료,간트차트에서 리소스(담당자) 과부하를 색으로 경고해주는 기능을 원합니다.,기능요청,중립,보통,보통,N
F236,2026-05-07,슬랙,무료,간단한 작업부터 복잡한 프로젝트까지 다 커버돼서 정말 만능 툴이에요.,칭찬,긍정,낮음,낮음,N
F237,2026-05-08,슬랙,유료,팀 초대 인원이 50명을 넘으면 멤버 목록이 로딩되다 멈춥니다.,버그신고,부정,보통,보통,N
F238,2026-05-09,CS티켓,기업고객,작업 카드를 키보드 단축키만으로 빠르게 생성/이동하고 싶어요.,결제/과금,중립,낮음,낮음,N
F239,2026-05-10,앱스토어,유료,간트차트를 이미지로 캡처해서 보고서에 붙이기 좋게 내보내기 해주세요.,기능요청,중립,낮음,낮음,N
F240,2026-05-11,인앱설문,기업고객,고객 의견 게시판에 올린 제안이 실제로 반영돼서 감동했습니다. 계속 응원할게요.,칭찬,긍정,낮음,낮음,N
F241,2026-05-12,CS티켓,유료,작업 마감일을 넘기면 자동으로 빨간색 표시되는 옵션을 추가해주세요.,기능요청,중립,낮음,낮음,N
F242,2026-05-13,인앱설문,유료,아이폰에서 키보드가 입력창을 가려서 글을 쓸 수가 없습니다.,버그신고,부정,보통,보통,N
F243,2026-05-14,앱스토어,기업고객,디자인이 깔끔하고 군더더기가 없어서 쓸 때마다 기분이 좋습니다.,칭찬,긍정,낮음,낮음,N
F244,2026-05-15,CS티켓,유료,결제했는데 유료 플랜이 적용 안 됩니다. 결제 내역엔 빠져나갔어요. 환불이라도 빨리 해주세요.,결제/과금 오류,부정,높음,높음,N
F245,2026-05-16,미확인,유료,결제 수단을 카드에서 계좌이체로 바꾸면 결제가 아예 안 됩니다.,결제/과금 오류,부정,높음,높음,N
F246,2026-05-17,CS티켓,유료,문서 공유 시 만료 기한이 있는 임시 링크를 생성하고 싶어요.,기능요청,중립,낮음,낮음,N
F247,2026-05-18,인앱설문,무료,API 연동이 잘 돼서 사내 시스템과 매끄럽게 붙였습니다. 개발팀이 만족해요.,칭찬,긍정,낮음,낮음,N
F248,2026-05-19,CS티켓,유료,권한 관리가 세밀해서 외부 협력사와 안심하고 협업하고 있습니다.,기타,중립,낮음,낮음,N
F249,2026-05-20,CS티켓,유료,결제는 월 단위만 되나요? 연 단위 결제 시 할인이 있는지 알고 싶습니다.,결제/과금,중립,낮음,낮음,N
F250,2026-05-21,CS티켓,기업고객,작업을 보드/리스트/캘린더 외에 타임라인 뷰로도 보고 싶어요.,기능요청,중립,낮음,낮음,N
F251,2026-05-22,CS티켓,무료,모바일과 웹이 완벽하게 동기화돼서 기기 바꿔도 끊김이 없어요. 최고입니다.,칭찬,긍정,낮음,낮음,N
F252,2026-05-23,인앱설문,기업고객,작업 검색에 필터(담당자/기간/상태)를 조합할 수 있게 해주세요.,기능요청,중립,보통,보통,N
F253,2026-05-24,CS티켓,무료,파일을 휴지통에서 복원하면 원래 폴더가 아니라 최상위로 옵니다.,버그신고,부정,낮음,낮음,N
F254,2026-05-25,앱스토어,무료,캘린더에 음력 날짜와 한국 공휴일을 표시해주세요.,기능요청,중립,낮음,낮음,N
F255,2026-05-26,인앱설문,유료,팀 도입 후 프로젝트 마감 준수율이 눈에 띄게 올랐습니다. 효과를 체감 중이에요.,칭찬,긍정,낮음,낮음,N
F256,2026-05-27,CS티켓,유료,간트차트에서 작업 간 의존성(선후관계) 선을 그릴 수 있으면 좋겠습니다.,기능요청,중립,보통,보통,N
F257,2026-05-28,앱스토어,기업고객,워크스페이스를 여러 개 만들 수 있나요? 부서별로 분리하고 싶습니다.,기능요청,중립,낮음,낮음,N
F258,2026-05-29,CS티켓,무료,결제 영수증을 세금계산서로 받을 수 있나요? 회사 정산에 필요합니다.,결제/과금,중립,낮음,낮음,N
F259,2026-05-30,앱스토어,기업고객,알림에서 특정 키워드가 포함된 메시지만 받도록 필터링하고 싶어요.,기능요청,중립,낮음,낮음,N
F260,2026-05-31,슬랙,기업고객,팀원 권한을 관리자로 바꿔도 여전히 일반 멤버 권한으로 보입니다.,버그신고,부정,보통,보통,N
F261,2026-06-01,CS티켓,기업고객,반복 작업 템플릿을 저장하는 기능이 있으면 좋겠어요. 매번 같은 걸 다시 만들어요.,기능요청,중립,보통,보통,N
F262,2026-06-02,앱스토어,유료,결제 페이지에서 카드 등록이 안 되고 '알 수 없는 오류'만 반복됩니다.,결제/과금 오류,부정,높음,높음,N
F263,2026-06-03,인앱설문,기업고객,작업 알림을 팀 채널과 개인 DM 중 선택해서 보낼 수 있게 해주세요.,기능요청,중립,낮음,낮음,N
F264,2026-06-04,CS티켓,유료,앱 잠금(PIN) 설정 후 PIN이 맞는데도 계속 틀렸다고 뜹니다. 앱에 못 들어가요.,버그신고,부정,높음,높음,N
F265,2026-06-05,앱스토어,무료,알림 설정을 세밀하게 할 수 있어서 방해받지 않고 집중할 수 있어요. 만족합니다.,칭찬,긍정,낮음,낮음,N
F266,2026-06-06,CS티켓,기업고객,모바일 앱에서 로그인하면 웹 세션이 강제로 끊깁니다. 동시 접속이 안 돼요.,버그신고,부정,보통,보통,N
F267,2026-06-07,앱스토어,유료,기업 결제 시 세금계산서를 자동 발행하는 기능을 추가해주세요.,결제/과금,중립,보통,보통,N
F268,2026-06-08,인앱설문,유료,앱 안정성이 정말 좋아요. 몇 달째 한 번도 튕긴 적이 없습니다.,칭찬,긍정,낮음,낮음,N
F269,2026-06-09,인앱설문,유료,앱 알림과 이메일 알림이 중복으로 오는데 한쪽만 받게 정리하려면 어디서 하나요?,버그신고,부정,낮음,낮음,N
F270,2026-06-10,슬랙,무료,자동 반복 일정에서 공휴일은 건너뛰는 옵션을 넣어주세요.,기능요청,중립,낮음,낮음,N
F271,2026-06-11,인앱설문,유료,슬랙 연동은 어떻게 설정하나요? 단계별로 알려주시면 좋겠습니다.,기능요청,중립,낮음,낮음,N
F272,2026-06-12,슬랙,무료,리포트 기능으로 팀 회의 준비 시간이 크게 줄었습니다. 감사합니다.,칭찬,긍정,낮음,낮음,N
F273,2026-06-13,앱스토어,유료,팀 워크스페이스 이름을 나중에 바꿀 수 있나요?,사용문의,중립,낮음,낮음,N
F274,2026-06-14,앱스토어,무료,문서를 PDF로 내보낼 때 워터마크를 넣을 수 있나요?,사용문의,중립,낮음,낮음,N
F275,2026-06-15,인앱설문,유료,작업 댓글에 이모지 반응(👍)을 달 수 있게 해주세요. 간단한 확인용으로요.,기능요청,중립,낮음,낮음,N
F276,2026-06-16,CS티켓,무료,로그인이 계속 실패합니다. 비밀번호 재설정 메일도 안 옵니다. 업무가 마비됐어요.,버그신고,부정,높음,높음,N
F277,2026-06-17,앱스토어,기업고객,초대받은 게스트가 댓글을 못 답니다. 읽기만 되고 쓰기가 막혀요.,버그신고,부정,보통,보통,N
F278,2026-06-18,슬랙,유료,디자인뿐 아니라 속도도 빨라서 스트레스 없이 사용하고 있습니다.,기타,중립,낮음,낮음,N
F279,2026-06-19,CS티켓,무료,문서 용량 제한이 있나요? 첨부파일 총 용량 한도가 궁금합니다.,사용문의,중립,낮음,낮음,N
F280,2026-06-20,인앱설문,유료,"문서 템플릿 갤러리를 만들어주세요. 회의록, 기획서 같은 양식이 미리 있으면 좋겠어요.",기능요청,중립,낮음,낮음,N
F281,2026-06-21,CS티켓,유료,드래그앤드롭으로 카드 순서를 바꾸면 가끔 원래 자리로 튕깁니다.,결제/과금 오류,부정,보통,보통,N
F282,2026-06-22,인앱설문,유료,모바일 앱은 안드로이드도 지원하나요? 아이폰만 되는 건지 궁금합니다.,사용문의,중립,낮음,낮음,N
F283,2026-06-23,인앱설문,무료,앱을 켜면 로딩 화면에서 5초 이상 멈췄다가 강제 종료됩니다. 며칠째 반복돼요.,버그신고,부정,높음,높음,N
F284,2026-06-24,CS티켓,유료,문서 내보내기를 워드(docx) 형식으로도 지원해주세요.,기능요청,중립,낮음,낮음,N
F285,2026-06-25,앱스토어,무료,결제 영수증 PDF를 열면 금액란이 비어 있습니다. 회계 처리가 안 됩니다.,결제/과금 오류,부정,보통,보통,N
F286,2026-06-26,앱스토어,유료,기업 고객용으로 SSO(싱글사인온) 로그인을 지원해주세요. 보안 정책상 필요합니다.,기능요청,중립,보통,보통,N
F287,2026-06-27,인앱설문,유료,앱 첫인상부터 끝까지 사용자 배려가 느껴지는 제품입니다. 응원합니다.,기능요청,긍정,낮음,낮음,N
F288,2026-06-28,앱스토어,유료,결제 영수증을 이메일로 자동 발송하는 옵션을 켜고 끌 수 있게 해주세요.,결제/과금,중립,낮음,낮음,N
F289,2026-06-29,인앱설문,유료,모바일 앱이 정말 잘 만들어졌네요. 출퇴근길에 작업 확인하기 너무 좋습니다.,칭찬,긍정,낮음,낮음,N
F290,2026-06-30,CS티켓,기업고객,다른 툴 여러 개 쓰다가 이걸로 통합했는데 신의 한 수였습니다. 강력 추천해요.,칭찬,긍정,낮음,낮음,N
F291,2026-05-04,앱스토어,유료,결제를 연 단위로도 할 수 있게 해주세요. 월 결제만 있어서 불편합니다.,결제/과금,긍정,보통,보통,N
F292,2026-05-05,CS티켓,유료,작업 알림을 이메일과 푸시 중 하나만 받으려면 어디서 설정하나요?,사용문의,중립,낮음,낮음,N
F293,2026-05-06,앱스토어,유료,모바일에서 음성으로 회의록을 받아쓰는 기능이 있으면 좋겠어요.,기능요청,중립,낮음,낮음,N
F294,2026-05-07,인앱설문,유료,슬랙 외에 팀즈 연동도 지원해주세요. 회사에서 팀즈를 써서 알림을 못 받습니다.,기능요청,중립,보통,보통,N
F295,2026-05-08,슬랙,기업고객,플랜을 다운그레이드하면 기존 데이터는 어떻게 되나요?,결제/과금,중립,낮음,낮음,N
F296,2026-05-09,슬랙,유료,회의록 작성 후 작업 자동 배정 기능이 신기할 정도로 편리합니다.,칭찬,긍정,낮음,낮음,N
F297,2026-05-10,CS티켓,기업고객,대시보드 데이터를 실시간으로 자동 새로고침하는 옵션을 추가해주세요.,기능요청,중립,낮음,낮음,N
F298,2026-05-11,슬랙,유료,캘린더를 주간/월간 외에 분기 단위로도 볼 수 있으면 좋겠습니다.,기능요청,중립,낮음,낮음,N
F299,2026-05-12,슬랙,유료,기업 도입 시 직원 교육이나 온보딩 지원을 받을 수 있나요?,사용문의,중립,보통,보통,N
F300,2026-05-15,슬랙,유료,알림 배지 숫자가 0인데 안 사라집니다. 읽음 처리를 해도 빨간 점이 남아요.,버그신고,부정,낮음,낮음,N
